{
  "w1-codegen": {
    "claude-agent-sdk": {
      "B5": {
        "cost_usd": [
          0.005159,
          0.003674,
          0.008279
        ],
        "iters": [
          5.0,
          5,
          5
        ],
        "wall_clock_s": [
          9.163794994354248,
          6.946699857711792,
          12.658141136169434
        ],
        "n": 200
      },
      "B10": {
        "cost_usd": [
          0.0113015,
          0.007579,
          0.017868
        ],
        "iters": [
          10.0,
          10,
          10
        ],
        "wall_clock_s": [
          18.626222848892212,
          13.542674779891968,
          26.80507802963257
        ],
        "n": 200
      },
      "B20": {
        "cost_usd": [
          0.0230965,
          0.015294,
          0.03586
        ],
        "iters": [
          20.0,
          20,
          20
        ],
        "wall_clock_s": [
          37.91400909423828,
          29.778398990631104,
          57.59030222892761
        ],
        "n": 200
      },
      "LG": {
        "cost_usd": [
          0.000709,
          0.000544,
          0.001203
        ],
        "iters": [
          1.0,
          1,
          1
        ],
        "wall_clock_s": [
          1.3718836307525635,
          1.131925106048584,
          2.1465160846710205
        ],
        "n": 200
      }
    },
    "langgraph": {
      "B5": {
        "cost_usd": [
          0.005629,
          0.003773,
          0.008779
        ],
        "iters": [
          5.0,
          5,
          5
        ],
        "wall_clock_s": [
          16.12796700000763,
          8.890066385269165,
          102.44740319252014
        ],
        "n": 200
      },
      "B10": {
        "cost_usd": [
          0.011318,
          0.007694,
          0.017533
        ],
        "iters": [
          10.0,
          10,
          10
        ],
        "wall_clock_s": [
          32.954405784606934,
          17.533501863479614,
          211.49553990364075
        ],
        "n": 200
      },
      "B20": {
        "cost_usd": [
          0.023596,
          0.015829,
          0.036675
        ],
        "iters": [
          20.0,
          20,
          20
        ],
        "wall_clock_s": [
          67.95943260192871,
          35.362380027770996,
          433.6842198371887
        ],
        "n": 200
      },
      "LG": {
        "cost_usd": [
          0.0007395,
          0.000543,
          0.001441
        ],
        "iters": [
          1.0,
          1,
          1
        ],
        "wall_clock_s": [
          4.860622882843018,
          1.269761085510254,
          13.76771593093872
        ],
        "n": 200
      }
    }
  },
  "w2-debate": {
    "autogen": {
      "B5": {
        "cost_usd": [
          0.001765,
          0.0017152000000000003,
          0.0018188000000000002
        ],
        "iters": [
          5.0,
          5,
          5
        ],
        "wall_clock_s": [
          13.597909927368164,
          11.844790935516357,
          20.54736089706421
        ],
        "n": 200
      },
      "B10": {
        "cost_usd": [
          0.0035526000000000004,
          0.0034548,
          0.003654
        ],
        "iters": [
          10.0,
          10,
          10
        ],
        "wall_clock_s": [
          26.979198932647705,
          23.211650133132935,
          36.23386001586914
        ],
        "n": 200
      },
      "B20": {
        "cost_usd": [
          0.007117,
          0.0069284,
          0.0072932000000000006
        ],
        "iters": [
          20.0,
          20,
          20
        ],
        "wall_clock_s": [
          54.152329087257385,
          47.17444825172424,
          75.9522602558136
        ],
        "n": 200
      },
      "LG": {
        "cost_usd": [
          0.00035200000000000005,
          0.00033640000000000005,
          0.00037720000000000006
        ],
        "iters": [
          1.0,
          1,
          1
        ],
        "wall_clock_s": [
          2.907369375228882,
          2.408298969268799,
          5.448346138000488
        ],
        "n": 200
      }
    },
    "crewai": {
      "B5": {
        "cost_usd": [
          0.0017796,
          0.0017172000000000003,
          0.0018324
        ],
        "iters": [
          5.0,
          5,
          5
        ],
        "wall_clock_s": [
          36.004921078681946,
          32.550126791000366,
          39.34987497329712
        ],
        "n": 200
      },
      "B10": {
        "cost_usd": [
          0.00355,
          0.0034436,
          0.0036620000000000003
        ],
        "iters": [
          10.0,
          10,
          10
        ],
        "wall_clock_s": [
          69.11647546291351,
          64.0324068069458,
          75.52356719970703
        ],
        "n": 200
      },
      "B20": {
        "cost_usd": [
          0.007100400000000001,
          0.0068964000000000004,
          0.0072932000000000006
        ],
        "iters": [
          20.0,
          20,
          20
        ],
        "wall_clock_s": [
          134.89085042476654,
          127.05668616294861,
          145.41144394874573
        ],
        "n": 200
      },
      "LG": {
        "cost_usd": [
          0.00035720000000000006,
          0.00033600000000000004,
          0.0003768
        ],
        "iters": [
          1.0,
          1,
          1
        ],
        "wall_clock_s": [
          10.27120041847229,
          8.394670963287354,
          12.567495107650757
        ],
        "n": 200
      }
    }
  },
  "w3-planner": {
    "langgraph": {
      "B5": {
        "cost_usd": [
          0.0082275,
          0.007239,
          0.009225
        ],
        "iters": [
          5.0,
          5,
          5
        ],
        "wall_clock_s": [
          27.7967050075531,
          25.436326265335083,
          29.94620394706726
        ],
        "n": 200
      },
      "B10": {
        "cost_usd": [
          0.016522500000000002,
          0.014544,
          0.018654
        ],
        "iters": [
          10.0,
          10,
          10
        ],
        "wall_clock_s": [
          53.20234942436218,
          49.73668885231018,
          57.45967721939087
        ],
        "n": 200
      },
      "B20": {
        "cost_usd": [
          0.033135,
          0.029277,
          0.037194
        ],
        "iters": [
          20.0,
          20,
          20
        ],
        "wall_clock_s": [
          101.32851564884186,
          95.48821592330933,
          106.7799940109253
        ],
        "n": 200
      },
      "LG": {
        "cost_usd": [
          0.001617,
          0.00141,
          0.001965
        ],
        "iters": [
          1.0,
          1,
          1
        ],
        "wall_clock_s": [
          8.370445013046265,
          6.847509145736694,
          10.21028995513916
        ],
        "n": 200
      }
    },
    "openai-agents": {
      "B5": {
        "cost_usd": [
          0.0008700000000000001,
          0.00078,
          0.0010184
        ],
        "iters": [
          5.0,
          5,
          5
        ],
        "wall_clock_s": [
          25.940873503684998,
          23.156671285629272,
          28.548635959625244
        ],
        "n": 200
      },
      "B10": {
        "cost_usd": [
          0.0017514000000000002,
          0.0015624,
          0.0020591999999999997
        ],
        "iters": [
          10.0,
          10,
          10
        ],
        "wall_clock_s": [
          49.01404345035553,
          44.94845414161682,
          53.0486261844635
        ],
        "n": 200
      },
      "B20": {
        "cost_usd": [
          0.0035082000000000004,
          0.0031484,
          0.004114
        ],
        "iters": [
          20.0,
          20,
          20
        ],
        "wall_clock_s": [
          94.66104054450989,
          89.05307292938232,
          103.47209191322327
        ],