{
  "B5": {
    "cost_usd": [
      0.002147,
      0.0017816,
      0.003719
    ],
    "iters": [
      5.0,
      5,
      5
    ],
    "wall_clock_s": [
      26.154245972633362,
      20.421518802642822,
      33.137274980545044
    ],
    "n": 2000
  },
  "B10": {
    "cost_usd": [
      0.003794,
      0.003388,
      0.007604
    ],
    "iters": [
      10.0,
      10,
      10
    ],
    "wall_clock_s": [
      49.06790590286255,
      40.46400499343872,
      62.42435002326965
    ],
    "n": 2000
  },
  "B20": {
    "cost_usd": [
      0.007191200000000001,
      0.006073,
      0.015574
    ],
    "iters": [
      20.0,
      20,
      20
    ],
    "wall_clock_s": [
      93.0065735578537,
      79.57826900482178,
      124.58791518211365
    ],
    "n": 2000
  },
  "LG": {
    "cost_usd": [
      0.0007405000000000001,
      0.0003416,
      0.001034
    ],
    "iters": [
      1.0,
      1,
      2
    ],
    "wall_clock_s": [
      9.752353549003601,
      5.694544076919556,
      12.927349090576172
    ],
    "n": 2000
  }
}