{
  "converged": {
    "B5": {
      "cost_usd": [
        0.002349,
        0.0017292000000000002,
        0.005894
      ],
      "iters": [
        5,
        5,
        5
      ],
      "wall_clock_s": [
        27.032307863235474,
        13.126708984375,
        37.709598779678345
      ],
      "n": 1293
    },
    "B10": {
      "cost_usd": [
        0.005095,
        0.0034744,
        0.01224
      ],
      "iters": [
        10,
        10,
        10
      ],
      "wall_clock_s": [
        51.58175778388977,
        26.53007197380066,
        71.93604898452759
      ],
      "n": 1293
    },
    "B20": {
      "cost_usd": [
        0.010747,
        0.006942800000000001,
        0.02514
      ],
      "iters": [
        20,
        20,
        20
      ],
      "wall_clock_s": [
        100.08690285682678,
        53.969067096710205,
        142.10972118377686
      ],
      "n": 1293
    },
    "LG": {
      "cost_usd": [
        0.00036800000000000005,
        0.00022360000000000001,
        0.00078
      ],
      "iters": [
        1,
        1,
        1
      ],
      "wall_clock_s": [
        7.5475709438323975,
        2.6828479766845703,
        10.841639757156372
      ],
      "n": 1293
    }
  },
  "diverged": {
    "B5": {
      "cost_usd": [
        0.00201,
        0.001864,
        0.002294
      ],
      "iters": [
        5,
        5,
        5
      ],
      "wall_clock_s": [
        25.44304895401001,
        22.470575094223022,
        28.49646282196045
      ],
      "n": 347
    },
    "B10": {
      "cost_usd": [
        0.003461,
        0.003178,
        0.003923
      ],
      "iters": [
        10,
        10,
        10
      ],
      "wall_clock_s": [
        47.52291417121887,
        43.66042399406433,
        50.87932586669922
      ],
      "n": 347
    },
    "B20": {
      "cost_usd": [
        0.006151,
        0.005511,
        0.006773
      ],
      "iters": [
        20,
        20,
        20
      ],
      "wall_clock_s": [
        89.52893590927124,
        84.3371798992157,
        94.13020920753479
      ],
      "n": 347
    },
    "LG": {
      "cost_usd": [
        0.000973,
        0.000895,
        0.001048
      ],
      "iters": [
        2,
        2,
        2
      ],
      "wall_clock_s": [
        12.195359945297241,
        10.306692123413086,
        14.096242189407349
      ],
      "n": 347
    }
  },
  "oscillating": {
    "B5": {
      "cost_usd": [
        0.0021335,
        0.001906,
        0.002372
      ],
      "iters": [
        5.0,
        5,
        5
      ],
      "wall_clock_s": [
        25.89344334602356,
        23.080734968185425,
        29.944622039794922
      ],
      "n": 360
    },
    "B10": {
      "cost_usd": [
        0.0036585000000000003,
        0.003391,
        0.004257
      ],
      "iters": [
        10.0,
        10,
        10
      ],
      "wall_clock_s": [
        48.18431568145752,
        43.53377723693848,
        54.2280650138855
      ],
      "n": 360
    },
    "B20": {
      "cost_usd": [
        0.0064025,
        0.005759,
        0.007098
      ],
      "iters": [
        20.0,
        20,
        20
      ],
      "wall_clock_s": [
        91.03604507446289,
        85.00453972816467,
        99.45009112358093
      ],
      "n": 360
    },
    "LG": {
      "cost_usd": [
        0.00098,
        0.000885,
        0.001102
      ],
      "iters": [
        2.0,
        2,
        2
      ],
      "wall_clock_s": [
        12.568692207336426,
        10.563224792480469,
        16.546770811080933
      ],
      "n": 360
    }
  }
}